"","SYMBOL"
"1","-"
"2","LOC284600"
"3","AGRN"
"4","LINC01342"
"5","MIR429"
"6","TTLL10"
"7","TTLL10-AS1"
"8","SDF4"
"9","TNFRSF4"
"10","MXRA8"
"11","DVL1"
"12","MRPL20"
"13","RN7SL657P"
"14","MRPL20-DT"
"15","LOC107984868"
"16","ATAD3B"
"17","ATAD3A"
"18","SSU72"
"19","TMEM240"
"20","ARHGEF16"
"21","MEGF6"
"22","CAMTA1"
"23","RERE"
"24","VPS13D"
"25","DHRS3"
"26","LRRC38"
"27","LOC107984918"
"28","PDPN"
"29","PDE4DIPP9"
"30","CROCC"
"31","PADI4"
"32","ARHGEF10L"
"33","LOC105376809"
"34","PAX7"
"35","LOC105376815"
"36","CAPZB"
"37","MICOS10"
"38","LOC105376819"
"39","LOC105376817"
"40","LOC105376818"
"41","TMCO4"
"42","RN7SL304P"
"43","PLA2G2F"
"44","UBXN10"
"45","PLA2G2C"
"46","LINC01141"
"47","HP1BP3"
"48","EIF4G3"
"49","LOC105376830"
"50","LOC105376829"
"51","ECE1"
"52","HSPG2"
"53","C1QB"
"54","EPHB2"
"55","LUZP1"
"56","RNU6-514P"
"57","RNU6-135P"
"58","HNRNPR"
"59","ELOA"
"60","ELOA-AS1"
"61","SRSF10"
"62","IL22RA1"
"63","IFNLR1"
"64","GRHL3"
"65","STPG1"
"66","LIN28A"
"67","RN7SL679P"
"68","LINC01778"
"69","RN7SL371P"
"70","PUM1"
"71","SNORD103A"
"72","LOC107985470"
"73","LOC105378623"
"74","KHDRBS1"
"75","AZIN2"
"76","ZSCAN20"
"77","TLR12P"
"78","AGO4"
"79","EVA1B"
"80","SH3D21"
"81","GRIK3"
"82","SNIP1"
"83","DNALI1"
"84","MANEAL"
"85","UTP11"
"86","MIR3659HG"
"87","LINC02786"
"88","LOC105378657"
"89","LINC01685"
"90","RRAGC"
"91","Y_RNA"
"92","EIF1P2"
"93","RRAGC-DT"
"94","MACF1"
"95","HSPE1P8"
"96","HEYL"
"97","PPIE"
"98","RNU7-121P"
"99","MFSD2A"
"100","TMCO2"
"101","RLF"
"102","NFYC"
"103","NFYC-AS1"
"104","RIMS3"
"105","P3H1"
"106","LOC339539"
"107","RNF220"
"108","ZSWIM5"
"109","SKINT1L"
"110","LINC02794"
"111","LINC02808"
"112","FAF1"
"113","CFL1P2"
"114","C1orf185"
"115","TTC39A"
"116","LOC105378717"
"117","USP24"
"118","MIR4422HG"
"119","LOC105378740"
"120","LINC01755"
"121","LOC105378737"
"122","DAB1"
"123","LINC02778"
"124","LOC105378761"
"125","LINC01748"
"126","LOC101926964"
"127","LRRIQ3"
"128","FPGT"
"129","FPGT-TNNI3K"
"130","MSH4"
"131","LOC107985037"
"132","PRKACB"
"133","LOC107985046"
"134","SSX2IP"
"135","LPAR3"
"136","MCOLN3"
"137","DNAI3"
"138","DDAH1"
"139","LOC107985057"
"140","LOC112268231"
"141","PKN2-AS1"
"142","PKN2"
"143","ARHGAP29-AS1"
"144","GAPDHP29"
"145","LOC105378859"
"146","ABCD3"
"147","LINC02607"
"148","LOC101928219"
"149","DPYD"
"150","LINC01776"
"151","SNX7"
"152","PLPPR5-AS1"
"153","PLPPR5"
"154","LINC01708"
"155","RNU6-1318P"
"156","SLC35A3"
"157","DBT"
"158","LOC112268286"
"159","LOC107985096"
"160","COL11A1"
"161","AMY2A"
"162","PROK1"
"163","KCNA2"
"164","LOC105378901"
"165","CCNT2P1"
"166","CHI3L2"
"167","CHIA"
"168","CHIAP2"
"169","UBE2FP3"
"170","KCND3"
"171","LINC02884"
"172","WNT2B"
"173","MOV10"
"174","LRIG2-DT"
"175","HIPK1-AS1"
"176","LOC105378920"
"177","LINC01762"
"178","TENT5C"
"179","TENT5C-DT"
"180","PNRC2P1"
"181","WDR3"
"182","DRD5P2"
"183","LOC101927429"
"184","SRGAP2B"
"185","HYDIN2"
"186","PFN1P4"
"187","NBPF11"
"188","FLG-AS1"
"189","SPRR2C"
"190","LOC101928009"
"191","SPRR2G"
"192","RN7SL372P"
"193","IL6R"
"194","ZBTB7B"
"195","LMNA"
"196","IQGAP3"
"197","TAGLN2"
"198","KCNJ10"
"199","ATP1A4"
"200","DCAF8"
"201","DCAF8-DT"
"202","F11R"
"203","NR1I3"
"204","ATF6"
"205","DDR2"
"206","PBX1"
"207","LOC112268276"
"208","LINC01675"
"209","FMO7P"
"210","POU2F1"
"211","NME7"
"212","ATP1B1"
"213","FMO6P"
"214","LOC105371611"
"215","PRRC2C"
"216","MYOCOS"
"217","DNM3"
"218","TNR"
"219","TNR-IT1"
"220","LINC02803"
"221","COP1"
"222","COP1-DT"
"223","RGL1"
"224","C1orf21"
"225","RGS13"
"226","CDC73"
"227","MIR1278"
"228","LOC105371674"
"229","LINC00862"
"230","RAB7B"
"231","SLC26A9-AS1"
"232","AVPR1B"
"233","LOC107985255"
"234","USH2A"
"235","ESRRG"
"236","GPATCH2"
"237","SPATA17"
"238","UBBP2"
"239","LOC105372922"
"240","RRP15"
"241","TGFB2"
"242","LYPLAL1-DT"
"243","LYPLAL1"
"244","SLC30A10"
"245","LOC105372926"
"246","EPRS1"
"247","RAB3GAP2"
"248","HLX-AS1"
"249","LOC105372956"
"250","LOC105373198"
"251","SIPA1L2"
"252","LINC01745"
"253","LOC107983960"
"254","MAP3K21"
"255","SLC35F3"
"256","IRF2BP2"
"257","RYR2"
"258","ZP4"
"259","LOC100130331"
"260","YWHAQP9"
"261","RGS7"
"262","RNU6-947P"
"263","EFCAB2"
"264","LOC107985725"
"265","SMYD3"
"266","SMYD3-IT1"
"267","TFB2M"
"268","ZNF670"
"269","ZNF670-ZNF695"
"270","OR2T29"
"271","DIP2C"
"272","GTPBP4"
"273","ADARB2"
"274","LINC00200"
"275","LINC00700"
"276","LOC105376346"
"277","RNU6-889P"
"278","ASB13"
"279","PRKCQ"
"280","GATA3"
"281","LOC107984204"
"282","CCDC3"
"283","FRMD4A"
"284","DCLRE1C"
"285","OR7E110P"
"286","MEIG1"
"287","OR7E26P"
"288","NMT2"
"289","PPIAP30"
"290","CACNB2"
"291","ODAD2"
"292","MPP7"
"293","SVIL"
"294","CUL2"
"295","MIR3611"
"296","AGAP14P"
"297","PCDH15"
"298","TET1"
"299","RPS3AP37"
"300","TSPAN15"
"301","ASCC1"
"302","SPOCK2"
"303","MICU1"
"304","MCU"
"305","P4HA1"
"306","CFAP70"
"307","USP54"
"308","SYNPO2L"
"309","SYNPO2L-AS1"
"310","CHCHD1"
"311","ZSWIM8"
"312","LOC107984243"
"313","KCNMA1"
"314","GRID1"
"315","RNLS"
"316","LOC101929727"
"317","LIPM"
"318","SLC16A12"
"319","SLC16A12-AS1"
"320","PCGF5"
"321","RPL12P27"
"322","CRTAC1"
"323","HPSE2"
"324","GOT1"
"325","SEMA4G"
"326","MRPL43"
"327","MIR608"
"328","TLX1NB"
"329","TLX1"
"330","BTRC"
"331","ELOVL3"
"332","SUFU"
"333","SFXN2"
"334","WBP1L"
"335","PCGF6"
"336","STN1"
"337","CCDC186"
"338","ATRNL1"
"339","LOC105378522"
"340","PSTK"
"341","C10orf90"
"342","DOCK1"
"343","MGMT"
"344","LINC02646"
"345","STK32C"
"346","INPP5A"
"347","BRSK2"
"348","LOC105376517"
"349","SLC22A18"
"350","SLC22A18AS"
"351","OR52I2"
"352","MMP26"
"353","HBE1"
"354","HBG2"
"355","OR51AB1P"
"356","UBQLN3"
"357","OR51B5"
"358","TRIM5"
"359","TRIM22"
"360","OR52U1P"
"361","OR52N2"
"362","CAVIN3"
"363","LOC101927825"
"364","DNHD1"
"365","RRP8"
"366","SBF2"
"367","RNF141"
"368","AMPD3"
"369","MIR4485"
"370","IRAG1"
"371","LYVE1"
"372","LOC105379882"
"373","GALNT18"
"374","MIR8070"
"375","DKK3"
"376","LINC02547"
"377","MICAL2"
"378","LINC02545"
"379","RRAS2"
"380","COPB1"
"381","CALCB"
"382","NAV2"
"383","ANO5"
"384","LOC102723370"
"385","LINC02755"
"386","ARL14EP-DT"
"387","MPPED2"
"388","LOC101928338"
"389","DCDC1"
"390","DNAJC24"
"391","IMMP1L"
"392","THEM7P"
"393","SNORA88"
"394","LOC107984322"
"395","LOC105376634"
"396","LINC01499"
"397","ACCS"
"398","ACCSL"
"399","OR4A40P"
"400","OR5A2"
"401","OR4D7P"
"402","LOC102723575"
"403","PATL1"
"404","PATL1-DT"
"405","LOC105369318"
"406","OR10V2P"
"407","STX3"
"408","CBLIF"
"409","TCN1"
"410","MS4A4E"
"411","MS4A4A"
"412","MS4A1"
"413","LINC00301"
"414","LOC105369321"
"415","DDB1"
"416","SDHAF2"
"417","RN7SL23P"
"418","RTN3"
"419","PCNX3"
"420","SIPA1"
"421","MIR4690"
"422","ACTE1P"
"423","NADSYN1"
"424","PLEKHB1"
"425","P4HA3"
"426","TENM4"
"427","TRIM49C"
"428","LINC02756"
"429","MRE11"
"430","LOC105369448"
"431","CNTN5"
"432","LOC107984430"
"433","ARHGAP42"
"434","TRPC6"
"435","ANGPTL5"
"436","CEP126"
"437","CFAP300"
"438","YAP1"
"439","LOC105369460"
"440","MMP27"
"441","DYNC2H1"
"442","GUCY1A2"
"443","LOC105369475"
"444","SLC35F2"
"445","EXPH5"
"446","IL18"
"447","PLET1"
"448","PTS"
"449","NXPE1"
"450","NXPE2"
"451","LINC02698"
"452","LOC101928985"
"453","USP2-AS1"
"454","DUXAP5"
"455","MIR100HG"
"456","ST3GAL4"
"457","B4GALNT3"
"458","NINJ2"
"459","ERC1"
"460","CACNA2D4"
"461","LOC105369601"
"462","LOC105369602"
"463","LOC112268103"
"464","CACNA1C"
"465","CRACR2A"
"466","LOC105369617"
"467","PLEKHG6"
"468","TNFRSF1A"
"469","PIANP"
"470","USP5"
"471","TPI1"
"472","C12orf57"
"473","ATN1"
"474","PTPN6"
"475","RNU7-1"
"476","CD163L1"
"477","CD163"
"478","APOBEC1"
"479","CLEC4C"
"480","NANOGNB"
"481","NANOGP1"
"482","SLC2A14"
"483","NECAP1"
"484","LINC02449"
"485","FAM86FP"
"486","LOC112268090"
"487","ENPP7P5"
"488","LOC107987171"
"489","GOT2P3"
"490","LOC374443"
"491","LOC105369728"
"492","CLEC2D"
"493","NPM1P7"
"494","CLECL1"
"495","LINC02390"
"496","CD69"
"497","GCNAP1"
"498","KLRF1"
"499","LRP6"
"500","BCL2L14"
"501","DERA"
"502","PIK3C2G"
"503","LINC02955"
"504","LINC02566"
"505","SOX5"
"506","LMNTD1"
"507","MED21"
"508","C12orf71"
"509","STK38L"
"510","DENND5B"
"511","LOC102724618"
"512","PKP2"
"513","LINC02555"
"514","CNTN1"
"515","PDZRN4"
"516","ADAMTS20"
"517","TMEM117"
"518","NELL2"
"519","RN7SKP289"
"520","LOC107984525"
"521","BAZ2A"
"522","RDH16"
"523","LINC02388"
"524","LOC100506869"
"525","LRIG3-DT"
"526","TAFA2"
"527","TMBIM4"
"528","IRAK3"
"529","HELB"
"530","GRIP1"
"531","CAND1"
"532","IFNG-AS1"
"533","LOC107984526"
"534","IL26"
"535","LOC105369818"
"536","RAP1B"
"537","ATP5PDP4"
"538","SLC35E3"
"539","LOC105369820"
"540","FRS2"
"541","NAP1L1"
"542","LNCOG"
"543","OSBPL8"
"544","ZDHHC17"
"545","LINC02464"
"546","LOC105369855"
"547","NAV3"
"548","LIN7A"
"549","PPFIA2"
"550","TMTC2"
"551","LOC105369881"
"552","C12orf29"
"553","CEP290"
"554","TMTC3"
"555","KITLG"
"556","LOC105369886"
"557","LINC02458"
"558","ATP2B1"
"559","ATP2B1-AS1"
"560","LOC107984543"
"561","LOC105369890"
"562","LINC02822"
"563","EPYC"
"564","LINC02823"
"565","LOC105369898"
"566","LOC105369896"
"567","BTG1-DT"
"568","LOC107984023"
"569","LINC02413"
"570","SOCS2-AS1"
"571","APAF1"
"572","ANKS1B"
"573","MYBPC1"
"574","LOC105369938"
"575","LOC105369937"
"576","CHPT1"
"577","SYCP3"
"578","WASHC3"
"579","PMCH"
"580","HELLPAR"
"581","IGF1"
"582","LOC105369944"
"583","ALDH1L2"
"584","NOPCHAP1"
"585","SLC8B1"
"586","TPCN1"
"587","MIR6762"
"588","LOC107984436"
"589","LINC01234"
"590","TBX5"
"591","KSR2"
"592","LOC105370012"
"593","RPL22P19"
"594","DHX37"
"595","TMEM132B"
"596","LINC02441"
"597","PUS1"
"598","GALNT9"
"599","LOC100130238"
"600","LOC105370092"
"601","LOC112268102"
"602","MUC8"
"603","FBRSL1"
"604","ANKLE2"
"605","ZNF84"
"606","ATP8A2"
"607","PRUNEP1"
"608","ATP8A2P3"
"609","NBEA"
"610","SLC25A30"
"611","TPT1-AS1"
"612","COG3"
"613","LOC105370191"
"614","LCP1"
"615","CYSLTR2"
"616","SPRYD7"
"617","LOC105370214"
"618","PCDH17"
"619","LINC02338"
"620","LOC105370220"
"621","HMGN2P39"
"622","LINC00355"
"623","PCDH9"
"624","OR7E33P"
"625","OR7E111P"
"626","LINC00383"
"627","LOC105370263"
"628","GPC5"
"629","STK24"
"630","STK24-AS1"
"631","UBAC2"
"632","H2AZP3"
"633","LOC101927437"
"634","PCCA"
"635","LOC107984575"
"636","PCCA-AS1"
"637","LOC107984574"
"638","NALCN-AS1"
"639","NALCN"
"640","FGF14"
"641","FGF14-IT1"
"642","LOC107984615"
"643","LOC107984606"
"644","LOC107984607"
"645","NALF1"
"646","NALF1-IT1"
"647","LOC107984581"
"648","TNFSF13B"
"649","RNA5SP39"
"650","MYO16"
"651","LOC105370363"
"652","SPACA7BP"
"653","LOC105370364"
"654","SOX1-OT"
"655","LOC105378193"
"656","NF1P11"
"657","OR4K6P"
"658","RNASE3"
"659","LOC100507513"
"660","RNASE2CP"
"661","TRAV8-7"
"662","STXBP6"
"663","PRKD1"
"664","STRN3"
"665","MIR624"
"666","SPTSSA"
"667","EGLN3"
"668","SRP54-AS1"
"669","PPP2R3C"
"670","FAM177A1"
"671","LOC101927178"
"672","PRORP"
"673","RPL23AP70"
"674","RALGAPA1"
"675","SLC25A21"
"676","MIPOL1"
"677","TTC6"
"678","LINC00517"
"679","LOC105370456"
"680","LOC112268136"
"681","LINC00639"
"682","SEC23A"
"683","LOC105370467"
"684","LINC02277"
"685","RRAGAP1-AS1"
"686","C14orf28"
"687","LOC101927418"
"688","TOGARAM1"
"689","KLHL28"
"690","LOC105370476"
"691","LINC00871"
"692","MDGA2"
"693","LOC105378178"
"694","LOC107984676"
"695","PELI2"
"696","GPHN"
"697","TMEM229B"
"698","LOC105370542"
"699","SLC8A3"
"700","MAP3K9"
"701","RN7SL530P"
"702","LIN52"
"703","SYNDIG1L"
"704","FOXN3"
"705","TCL1B"
"706","TCL6"
"707","TUNAR"
"708","C14orf132"
"709","HHIPL1"
"710","REREP3"
"711","LOC101928039"
"712","PDCD6IPP1"
"713","MKRN3"
"714","FAM189A1"
"715","WHAMMP4"
"716","LINC02256"
"717","LOC105376704"
"718","LOC112268159"
"719","LOC105376709"
"720","KATNBL1"
"721","GOLGA8B"
"722","MIR1233-2"
"723","DNM1P5"
"724","FSIP1"
"725","LOC105370785"
"726","LOC105370791"
"727","MGA"
"728","SORD"
"729","LOC105370802"
"730","TMOD2"
"731","MAPK6"
"732","LOC112268149"
"733","GNB5"
"734","MYO5C"
"735","FAM214A"
"736","TLN2"
"737","CSNK1G1"
"738","CORO2B"
"739","CTXND1"
"740","DET1"
"741","LOC105370965"
"742","AP3S2"
"743","ARPIN-AP3S2"
"744","LOC112268156"
"745","IGF1R"
"746","CHSY1"
"747","PCSK6"
"748","RAB26"
"749","PRSS22"
"750","GLYR1"
"751","UBN1"
"752","PPL"
"753","GPRC5B"
"754","IQCK"
"755","ZKSCAN2"
"756","ZKSCAN2-DT"
"757","GTF3C1"
"758","SBK1"
"759","CCNYL3"
"760","CLUHP11"
"761","VN1R68P"
"762","VN1R69P"
"763","LOC112268173"
"764","TP53TG3GP"
"765","LOC105371200"
"766","AGGF1P8"
"767","ANKRD26P1"
"768","SHCBP1"
"769","VPS35"
"770","MYLK3"
"771","TENT4B"
"772","SNORA70"
"773","RPL10P14"
"774","LOC102723323"
"775","CHD9"
"776","FTO"
"777","IRX3"
"778","LINC00922"
"779","ELMO3"
"780","E2F4"
"781","MIR328"
"782","ZNF19"
"783","LOC105371335"
"784","IST1"
"785","CHST5"
"786","MON1B"
"787","SYCE1L"
"788","ADAMTS18"
"789","VAT1L"
"790","PPIAP50"
"791","LOC105371351"
"792","WWOX"
"793","PKD1L2"
"794","MPHOSPH6"
"795","CDH13"
"796","ATP2C2"
"797","MEAK7"
"798","COTL1"
"799","SNAI3"
"800","SNAI3-AS1"
"801","ACSF3"
"802","DEF8"
"803","SNORA119"
"804","LOC107987382"
"805","RAP1GAP2"
"806","OR1A1"
"807","ITGAE"
"808","NCBP3"
"809","ATP2A3"
"810","ZZEF1"
"811","RNA5SP434"
"812","UBE2G1"
"813","SPNS3"
"814","TMEM95"
"815","KCTD11"
"816","ACAP1"
"817","MYH2"
"818","MYHAS"
"819","MYH3"
"820","KRT18P55"
"821","TNFAIP1"
"822","IFT20"
"823","ASIC2"
"824","FBXL20"
"825","PNMT"
"826","PGAP3"
"827","TCAP"
"828","PSMD3"
"829","MSL1"
"830","CCR7"
"831","CALCOCO2"
"832","ZNF652"
"833","MIR6129"
"834","FLJ40194"
"835","FAM117A"
"836","ABCC3"
"837","ANKRD40"
"838","SPAG9"
"839","MBTD1"
"840","UTP18"
"841","LINC02073"
"842","CA10"
"843","LOC101927389"
"844","SRSF1"
"845","MPO"
"846","LPO"
"847","RNF43"
"848","TSPOAP1-AS1"
"849","TEX14"
"850","U3"
"851","LOC105371842"
"852","PPM1E"
"853","LOC105371843"
"854","Metazoa_SRP"
"855","LINC01476"
"856","CLTC"
"857","VMP1"
"858","RPS6KB1"
"859","USP32"
"860","H3P42"
"861","LINC01999"
"862","BCAS3"
"863","TLK2"
"864","TEX2"
"865","CEP95"
"866","C17orf58"
"867","FAM20A"
"868","PRKAR1A"
"869","LOC105371873"
"870","LINC01028"
"871","KCNJ16"
"872","LOC105371881"
"873","LOC105371884"
"874","CD300LD-AS1"
"875","CD300LD"
"876","RNF157"
"877","QRICH2"
"878","PRPSAP1"
"879","AANAT"
"880","UBE2O"
"881","CYGB"
"882","PRCD"
"883","LOC400622"
"884","RBFOX3"
"885","CCDC40"
"886","CARD14"
"887","RPH3AL"
"888","LINC02091"
"889","DOC2B"
"890","COLEC12"
"891","LOC107985155"
"892","L3MBTL4"
"893","THEMIS3P"
"894","RAB31"
"895","ANKRD29"
"896","LAMA3"
"897","TTC39C"
"898","AQP4-AS1"
"899","LOC107985143"
"900","FHOD3"
"901","LINC01901"
"902","LINC01902"
"903","LINC00907"
"904","RIT2"
"905","SLC14A2"
"906","SLC14A2-AS1"
"907","LOC105372093"
"908","ST8SIA5-DT"
"909","KATNAL2"
"910","ELOA2"
"911","ELOA3P"
"912","MIR4527HG"
"913","ACAA2"
"914","MAPK4"
"915","DCC"
"916","RELCH"
"917","DSEL-AS1"
"918","LOC105372174"
"919","MBP"
"920","LOC107985129"
"921","KCNG2"
"922","HCN2"
"923","POLRMT"
"924","LOC107987266"
"925","ARID3A"
"926","PEAK3"
"927","OAZ1"
"928","ZNF555"
"929","ZNF556"
"930","CREB3L3"
"931","PLIN3"
"932","ARRDC5"
"933","KDM4B"
"934","PTPRS"
"935","TIMM44"
"936","ANGPTL4"
"937","RAB11B-AS1"
"938","MYO1F"
"939","SMARCA4"
"940","LDLR"
"941","MIR6886"
"942","SPC24"
"943","OR10H2"
"944","OR1AB1P"
"945","LINC01855"
"946","TPM4"
"947","IL12RB1"
"948","LOC100420587"
"949","CHST8"
"950","FBXO17"
"951","CLC"
"952","FBL"
"953","DYRK1B"
"954","LOC107987267"
"955","ZNF780A"
"956","ZNF780B"
"957","AKT2"
"958","LOC107985289"
"959","RNU6-945P"
"960","C19orf47"
"961","ZNF221"
"962","RELB"
"963","CLASRP"
"964","RNU6-611P"
"965","PPP1R37"
"966","MARK4"
"967","EIF5AP3"
"968","NKPD1"
"969","LOC105372420"
"970","ERCC2"
"971","KLC3"
"972","SYMPK"
"973","NOVA2"
"974","LOC105372421"
"975","IGFL2"
"976","LOC105372424"
"977","IGFL1P2"
"978","PNMA8A"
"979","CGB5"
"980","NTF6B"
"981","SLC6A16"
"982","MIR4324"
"983","RCN3"
"984","PRR12"
"985","PTOV1"
"986","PTOV1-AS1"
"987","MYH14"
"988","KLK6"
"989","KLK5"
"990","LOC105372442"
"991","LIM2"
"992","C19orf84"
"993","LOC105372446"
"994","SIGLEC14"
"995","ZNF534"
"996","ZNF701"
"997","ZNF160"
"998","ZNF845"
"999","ZNF525"
"1000","ZNF765"
"1001","ZNF765-ZNF761"
"1002","CACNG8"
"1003","CACNG6"
"1004","MYT1L"
"1005","LINC01250"
"1006","EIPR1"
"1007","RNASEH1"
"1008","DCDC2C"
"1009","SOX11"
"1010","SILC1"
"1011","LOC105373436"
"1012","LOC105373484"
"1013","LINC00276"
"1014","KLHL29"
"1015","ATAD2B"
"1016","FAM228B"
"1017","ITSN2"
"1018","EFR3B"
"1019","RN7SL856P"
"1020","POMC"
"1021","DNMT3A"
"1022","DTNB"
"1023","ASXL2"
"1024","RAB10"
"1025","LOC105374333"
"1026","RMDN2"
"1027","RMDN2-AS1"
"1028","LOC107985872"
"1029","CYP1B1"
"1030","CYP1B1-AS1"
"1031","MAP4K3"
"1032","HNRNPA1P57"
"1033","CAMKMT"
"1034","PRKCE"
"1035","EPAS1"
"1036","NRXN1"
"1037","LOC730100"
"1038","LOC105374674"
"1039","WDPCP"
"1040","DNAAF10"
"1041","ARHGAP25"
"1042","ANTXR1"
"1043","C2orf42"
"1044","DYSF"
"1045","LOC105374798"
"1046","LRRTM4"
"1047","LOC101927967"
"1048","LOC101927948"
"1049","CTNNA2"
"1050","LOC107985905"
"1051","DNAH6"
"1052","LOC105374838"
"1053","KCMF1"
"1054","RMND5A"
"1055","RNF103-CHMP3"
"1056","NCK2"
"1057","CNTNAP5"
"1058","FAR2P1"
"1059","CCDC74B"
"1060","ACMSD"
"1061","CCNT2-AS1"
"1062","ZRANB3"
"1063","R3HDM1"
"1064","MIR128-1"
"1065","UBXN4"
"1066","LOC107985946"
"1067","GTDC1"
"1068","ACVR2A"
"1069","ORC4"
"1070","MBD5"
"1071","LOC105373673"
"1072","EPC2"
"1073","MMADHC-DT"
"1074","NMI"
"1075","LOC101929319"
"1076","RIF1"
"1077","NEB"
"1078","CACNB4"
"1079","FMNL2"
"1080","RPL23AP29"
"1081","LOC107985953"
"1082","TANC1"
"1083","METTL8"
"1084","LOC107985960"
"1085","LOC105373742"
"1086","NFE2L2"
"1087","MIR3128"
"1088","LOC100130691"
"1089","PDE11A"
"1090","PDE11A-AS1"
"1091","ITGA4"
"1092","ITPRID2-DT"
"1093","PDE1A"
"1094","LOC105373776"
"1095","LOC102724340"
"1096","ZNF804A"
"1097","FSIP2-AS2"
"1098","FSIP2"
"1099","FSIP2-AS1"
"1100","LOC107985782"
"1101","LOC107985783"
"1102","LINC01473"
"1103","ZC3H15"
"1104","DPRXP1"
"1105","ITGAV"
"1106","ZSWIM2"
"1107","COL5A2"
"1108","LOC101927252"
"1109","LINC01821"
"1110","LOC105373816"
"1111","LOC105376755"
"1112","HECW2"
"1113","CCDC150"
"1114","ANKRD44"
"1115","RFTN2"
"1116","PLCL1"
"1117","FAM117B"
"1118","WDR12"
"1119","LOC105373847"
"1120","NDUFS1"
"1121","DYTN"
"1122","VPS26CP1"
"1123","METTL21A"
"1124","PTH2R"
"1125","SCYGR7"
"1126","CCL20"
"1127","TRPM8"
"1128","KIF1A"
"1129","FARP2"
"1130","STK25"
"1131","PTPRA"
"1132","MAVS"
"1133","SHLD1"
"1134","PLCB1"
"1135","LOC105372521"
"1136","SNAP25-AS1"
"1137","SNAP25"
"1138","SLX4IP"
"1139","FAT1P1"
"1140","LOC101929413"
"1141","LOC105372528"
"1142","LOC105372529"
"1143","LINC00687"
"1144","LOC105372531"
"1145","MACROD2"
"1146","RNA5SP475"
"1147","BANF2"
"1148","LOC105372547"
"1149","JPH2"
"1150","RNU7-92P"
"1151","SNRPFP1"
"1152","SNAI1"
"1153","PELATON"
"1154","LOC107985386"
"1155","LOC105372656"
"1156","NFATC2"
"1157","MIR3194"
"1158","TSHZ2"
"1159","PCK1"
"1160","APCDD1L"
"1161","CDH4"
"1162","GATA5"
"1163","LOC105372711"
"1164","GMEB2"
"1165","ZGPAT"
"1166","SAMD10"
"1167","ZNF512B"
"1168","LOC105379484"
"1169","LOC102724354"
"1170","CH507-42P11.6"
"1171","TEKT4P2"
"1172","LINC01667"
"1173","POTED"
"1174","LINC02246"
"1175","APP"
"1176","RUNX1"
"1177","LCA5L"
"1178","GET1"
"1179","GET1-SH3BGR"
"1180","SLC37A1"
"1181","LOC107987299"
"1182","SLC19A1"
"1183","FTCD"
"1184","COL6A2"
"1185","ADA2"
"1186","PEX26"
"1187","ARL2BPP10"
"1188","SCARF2"
"1189","MED15"
"1190","CCDC74BP1"
"1191","LINC01638"
"1192","PITPNB"
"1193","TTC28"
"1194","SYN3"
"1195","FBLN1"
"1196","CELSR1"
"1197","FAM136EP"
"1198","GRAMD4"
"1199","CERK"
"1200","EPIC1"
"1201","LOC284930"
"1202","LINC01310"
"1203","CNTN6"
"1204","RPL21P17"
"1205","LOC105376942"
"1206","GRM7"
"1207","LMCD1-AS1"
"1208","PGAM1P4"
"1209","THUMPD3-AS1"
"1210","SRGAP3"
"1211","LHFPL4"
"1212","ATP2B2"
"1213","HRH1"
"1214","ATG7"
"1215","TSEN2"
"1216","IQSEC1"
"1217","LOC105376956"
"1218","RARB"
"1219","RBMS3"
"1220","TGFBR2"
"1221","LOC105377016"
"1222","GADL1"
"1223","OSBPL10"
"1224","GPD1L"
"1225","CMTM8"
"1226","GLB1"
"1227","TMPPE"
"1228","ITGA9"
"1229","ITGA9-AS1"
"1230","OXSR1"
"1231","SCN11A"
"1232","MYRIP"
"1233","EIF1B-AS1"
"1234","ULK4"
"1235","CDCP1"
"1236","KIF9-AS1"
"1237","CDC25A"
"1238","ZNF589"
"1239","MRPS18AP1"
"1240","ARIH2"
"1241","ARIH2OS"
"1242","LAMB2"
"1243","AMT"
"1244","NICN1"
"1245","DAG1"
"1246","BSN"
"1247","GMPPB"
"1248","IP6K1"
"1249","RNF123"
"1250","CACNA2D3"
"1251","DNAH12"
"1252","ASB14"
"1253","FLNB"
"1254","ABHD6"
"1255","PXK"
"1256","FHIT"
"1257","LOC105377119"
"1258","PRICKLE2"
"1259","MAGI1"
"1260","SUCLG2-DT"
"1261","TAFA1"
"1262","LOC107986019"
"1263","TAFA4"
"1264","LMOD3"
"1265","FRMD4B"
"1266","MITF"
"1267","SAMMSON"
"1268","LINC00877"
"1269","LOC105377158"
"1270","ROBO2"
"1271","LOC105377171"
"1272","ROBO1"
"1273","LOC101927374"
"1274","OSBPL9P1"
"1275","LOC105377177"
"1276","GBE1"
"1277","LINC02008"
"1278","CD96"
"1279","CD200R1"
"1280","ITGB5"
"1281","SLC12A8"
"1282","ZNF148"
"1283","SNX4"
"1284","SLC41A3"
"1285","COL6A5"
"1286","CPNE4"
"1287","NPHP3-AS1"
"1288","TMEM108"
"1289","CDV3"
"1290","INHCAP"
"1291","TF"
"1292","STAG1"
"1293","MRPS22"
"1294","COPB2-DT"
"1295","RBP2"
"1296","NMNAT3"
"1297","CLSTN2"
"1298","LOC105374132"
"1299","SPSB4"
"1300","LINC02618"
"1301","TPT1P3"
"1302","PLSCR4"
"1303","LOC105374145"
"1304","LOC105374170"
"1305","PLCH1"
"1306","SLC33A1"
"1307","LOC105374174"
"1308","GMPS"
"1309","KCNAB1"
"1310","SLC66A1L"
"1311","RSRC1"
"1312","RARRES1"
"1313","GPR79"
"1314","LOC105374181"
"1315","IQCJ"
"1316","IQCJ-SCHIP1"
"1317","PPM1L"
"1318","EGFEM1P"
"1319","SLC7A14-AS1"
"1320","NLGN1"
"1321","NAALADL2"
"1322","LINC01208"
"1323","LOC105374229"
"1324","LINC01209"
"1325","ATP11B-DT"
"1326","MCF2L2"
"1327","CLDN16"
"1328","IL1RAP"
"1329","FGF12"
"1330","MB21D2"
"1331","LOC102724877"
"1332","LINC02048"
"1333","LRCH3"
"1334","IQCG"
"1335","ALG1L7P"
"1336","FAM86EP"
"1337","LOC105374358"
"1338","STX18-AS1"
"1339","LOC101928237"
"1340","MSX1"
"1341","LOC101928306"
"1342","CYTL1"
"1343","STK32B"
"1344","EVC2"
"1345","EVC"
"1346","LOC105374365"
"1347","FAM90A26"
"1348","OR7E84P"
"1349","LOC105374515"
"1350","KCNIP4"
"1351","ADGRA3"
"1352","PPARGC1A"
"1353","HNRNPA1P65"
"1354","LINC02505"
"1355","LINC02616"
"1356","NFXL1"
"1357","LOC101927179"
"1358","TXK"
"1359","RNU6-838P"
"1360","U6"
"1361","FRYL"
"1362","CLOCK"
"1363","TMEM165"
"1364","AASDH"
"1365","MOB1B"
"1366","SEPTIN11"
"1367","LOC105377291"
"1368","LOC105377302"
"1369","RASGEF1B"
"1370","SLC39A8"
"1371","LOC105377621"
"1372","NFKB1"
"1373","LOC105377347"
"1374","LINC02428"
"1375","TACR3"
"1376","TACR3-AS1"
"1377","CUL4AP1"
"1378","TRAM1L1"
"1379","LOC105377388"
"1380","LINC02263"
"1381","LINC01378"
"1382","NDST3"
"1383","LOC107986307"
"1384","LOC105377392"
"1385","METTL14"
"1386","SEC24D"
"1387","LOC112268469"
"1388","KIAA1109"
"1389","INTU"
"1390","LINC02377"
"1391","LINC01256"
"1392","MAML3"
"1393","SCOC"
"1394","UCP1"
"1395","ELMOD2"
"1396","INPP4B"
"1397","ARHGAP10"
"1398","RN7SL254P"
"1399","NR3C2"
"1400","LOC107986195"
"1401","LINC02355"
"1402","IQCM"
"1403","RNA5SP167"
"1404","LRBA"
"1405","PRSS48"
"1406","SH3D19"
"1407","CPE"
"1408","TLL1"
"1409","LINC02269"
"1410","LOC107986205"
"1411","TENM3"
"1412","WWC2"
"1413","PRIMPOL"
"1414","FAT1"
"1415","CTD-2194D22.4"
"1416","ADCY2"
"1417","LINC02221"
"1418","LINC02112"
"1419","TAS2R1"
"1420","LMBRD2"
"1421","WDR70"
"1422","ITGA1"
"1423","B3GNTL1P1"
"1424","CWC27"
"1425","SREK1IP1"
"1426","LOC105379015"
"1427","MCCC2"
"1428","SV2C"
"1429","S100Z"
"1430","THBS4"
"1431","LOC105379062"
"1432","LINC02161"
"1433","LOC731157"
"1434","ADGRV1"
"1435","LOC105379082"
"1436","FAM172A"
"1437","LOC105379087"
"1438","KIAA0825"
"1439","MCTP1"
"1440","LOC105379085"
"1441","LOC105379089"
"1442","FAM81B"
"1443","RTRAFP2"
"1444","ARSK"
"1445","RHOBTB3"
"1446","HSPD1P11"
"1447","GLRX"
"1448","ELL2"
"1449","LOC101929710"
"1450","LOC105379096"
"1451","MIR583HG"
"1452","LOC105379107"
"1453","LOC105379109"
"1454","LOC105379110"
"1455","LINC01950"
"1456","FBXL17"
"1457","STARD4-AS1"
"1458","EPB41L4A"
"1459","LINC02200"
"1460","LOC102467216"
"1461","MCC"
"1462","AP3S1"
"1463","ATG12"
"1464","LINC02147"
"1465","LINC02208"
"1466","ALDH7A1"
"1467","SELENOTP2"
"1468","ADRB2"
"1469","SH3TC2"
"1470","NDST1"
"1471","SLC36A2"
"1472","LOC105378234"
"1473","SLC36A1"
"1474","FABP6"
"1475","FABP6-AS1"
"1476","LINC03000"
"1477","LOC105377703"
"1478","LCP2"
"1479","KCNIP1"
"1480","GABRP"
"1481","LOC107986475"
"1482","RANBP17"
"1483","TLX3"
"1484","LOC105377721"
"1485","FBXW11"
"1486","STK10"
"1487","LOC107986477"
"1488","UBTD2"
"1489","KLF3P1"
"1490","SH3PXD2B"
"1491","MAPK9"
"1492","GFPT2"
"1493","LINC01622"
"1494","FARS2"
"1495","OFCC1"
"1496","GCNT2"
"1497","C6orf52"
"1498","PAK1IP1"
"1499","LOC105374923"
"1500","LOC105374924"
"1501","TMEM14C"
"1502","MAK"
"1503","TMEM14B"
"1504","ELOVL2"
"1505","ELOVL2-AS1"
"1506","PHACTR1"
"1507","RPL5P20"
"1508","LNC-LBCS"
"1509","CASC15"
"1510","DCDC2"
"1511","KIAA0319"
"1512","RIPOR2"
"1513","CMAHP"
"1514","HLA-H"
"1515","HCG27"
"1516","NUDT3"
"1517","RPS10-NUDT3"
"1518","RUNX2"
"1519","CLIC5"
"1520","LOC105375078"
"1521","RCAN2"
"1522","LOC101926915"
"1523","ADGRF5"
"1524","LOC105375080"
"1525","TNFRSF21"
"1526","LOC105375085"
"1527","LOC105377841"
"1528","TTK"
"1529","ME1"
"1530","LOC101928911"
"1531","LOC105377884"
"1532","GRIK2"
"1533","POPDC3"
"1534","BVES-AS1"
"1535","HDAC2"
"1536","HS3ST5"
"1537","HDAC2-AS2"
"1538","LOC105377959"
"1539","FRK"
"1540","HSF2"
"1541","YWHAZP4"
"1542","LOC107986641"
"1543","LAMA2"
"1544","ARFGEF3"
"1545","NHSL1"
"1546","LINC02941"
"1547","LOC107986652"
"1548","LOC105378027"
"1549","LOC105378031"
"1550","NMBR"
"1551","ADGRG6"
"1552","UST"
"1553","ZBTB2"
"1554","ESR1"
"1555","LOC105378066"
"1556","OPRM1"
"1557","TIAM2"
"1558","TFB1M"
"1559","SNX9"
"1560","SYNJ2"
"1561","MAS1"
"1562","MAP3K4"
"1563","PRKN"
"1564","LOC105378149"
"1565","PRKAR1B"
"1566","DNAAF5"
"1567","SUN1"
"1568","C7orf50"
"1569","GPR146"
"1570","LOC105375133"
"1571","CYTH3"
"1572","DAGLB"
"1573","KDELR2"
"1574","GRID2IP"
"1575","LOC101927325"
"1576","LOC107986770"
"1577","DGKB"
"1578","GTF3AP5"
"1579","AHR"
"1580","LOC101927609"
"1581","ABCB5"
"1582","ASS1P11"
"1583","RN7SL542P"
"1584","CDCA7L"
"1585","TAX1BP1"
"1586","TAX1BP1-AS1"
"1587","ZNRF2"
"1588","PDE1C"
"1589","RP9P"
"1590","NT5C3A"
"1591","ADCY1"
"1592","IKZF1"
"1593","FIGNL1"
"1594","DDC"
"1595","GRB10"
"1596","ZNF734P"
"1597","MIR4283-2"
"1598","LOC105375340"
"1599","LOC105375344"
"1600","AUTS2"
"1601","TYW1B"
"1602","STX1A"
"1603","SPDYE12"
"1604","PMS2P5"
"1605","RCC1L"
"1606","CASTOR2"
"1607","SPDYE14"
"1608","CCDC146"
"1609","LOC105375359"
"1610","LOC102723791"
"1611","GCNT1P5"
"1612","MAGI2"
"1613","MAGI2-AS2"
"1614","LOC105375366"
"1615","GNAI1"
"1616","LOC105375371"
"1617","CACNA2D1"
"1618","CACNA2D1-AS1"
"1619","GNGT1"
"1620","GNG11"
"1621","LOC105375402"
"1622","COL1A2"
"1623","PPP1R9A"
"1624","PON2"
"1625","BAIAP2L1"
"1626","BRI3"
"1627","STAG3"
"1628","CASTOR3"
"1629","CLDN15"
"1630","MYL10"
"1631","LHFPL3"
"1632","CDHR3"
"1633","LOC105375451"
"1634","IMMP2L"
"1635","DOCK4"
"1636","LOC102724407"
"1637","COMETT"
"1638","GRM8"
"1639","FSCN3"
"1640","PAX4"
"1641","SND1"
"1642","LRRC4"
"1643","LOC105375494"
"1644","LOC101928451"
"1645","GARIN1A"
"1646","FAM71F2"
"1647","LOC107986849"
"1648","CAPZA1P4"
"1649","PLXNA4"
"1650","LOC102724906"
"1651","LOC105375511"
"1652","FLJ40288"
"1653","CHCHD3"
"1654","LOC105375512"
"1655","EXOC4"
"1656","LOC105375513"
"1657","LOC105375514"
"1658","LRGUK"
"1659","LOC105375523"
"1660","CHRM2"
"1661","MIR490"
"1662","LOC349160"
"1663","DGKI"
"1664","SLC37A3"
"1665","TCAF2P1"
"1666","OR2F1"
"1667","OR2F2"
"1668","OR2A12"
"1669","LOC105375548"
"1670","NOBOX"
"1671","PPIAP83"
"1672","CNTNAP2"
"1673","DPP6"
"1674","PAXIP1"
"1675","PAXIP1-DT"
"1676","HTR5A"
"1677","LOC105375586"
"1678","LOC389602"
"1679","MCPH1"
"1680","ENPP7P1"
"1681","FAM85B"
"1682","PPP1R3B-DT"
"1683","LOC101929128"
"1684","BLK"
"1685","LOC105379241"
"1686","ENPP7P6"
"1687","LOC100506990"
"1688","SLC7A2"
"1689","PSD3"
"1690","LOC105379301"
"1691","CSGALNACT1"
"1692","SORBS3"
"1693","PDLIM2"
"1694","CCAR2"
"1695","BIN3"
"1696","PEBP4"
"1697","LOC107986925"
"1698","LOC107986930"
"1699","LOC105379336"
"1700","LOC105379335"
"1701","DPYSL2"
"1702","LOC105379340"
"1703","TRIM35"
"1704","PTK2B"
"1705","MIR6842"
"1706","CHRNA2"
"1707","SCARA3"
"1708","ELP3"
"1709","FBXO16"
"1710","LINC01605"
"1711","ADAM9"
"1712","TGS1"
"1713","PLAG1"
"1714","SDR16C6P"
"1715","LOC105375849"
"1716","RPL37P6"
"1717","LOC105375851"
"1718","LOC101929488"
"1719","LOC105375855"
"1720","LINC03018"
"1721","LOC286178"
"1722","LINC01602"
"1723","LOC105375856"
"1724","FAM110B"
"1725","TOX"
"1726","LOC101927118"
"1727","LINC00534"
"1728","LOC107986955"
"1729","LINC01030"
"1730","SLC26A7"
"1731","RUNX1T1"
"1732","MTDH"
"1733","PABPC1"
"1734","NCALD"
"1735","LOC104054148"
"1736","CSMD3"
"1737","SAMD12"
"1738","SAMD12-AS1"
"1739","RNU6-12P"
"1740","COLEC10"
"1741","TAF2"
"1742","DERL1"
"1743","TBC1D31"
"1744","FAM83A"
"1745","ANXA13"
"1746","LINC02964"
"1747","LOC105375746"
"1748","PVT1"
"1749","TMEM71"
"1750","ZFAT"
"1751","NCRNA00250"
"1752","LOC101927845"
"1753","KHDRBS3"
"1754","KCNK9"
"1755","TRAPPC9"
"1756","LOC107986981"
"1757","LOC105375781"
"1758","PEG13"
"1759","PTK2"
"1760","MIR151A"
"1761","SLC45A4"
"1762","MROH5"
"1763","ADGRB1"
"1764","LYPD2"
"1765","DOCK8"
"1766","LOC105375951"
"1767","LURAP1L"
"1768","BNC2"
"1769","CNTLN"
"1770","MLLT3"
"1771","LINC01239"
"1772","LINGO2"
"1773","UBE2R2"
"1774","UBAP2"
"1775","ZCCHC7"
"1776","LOC107987065"
"1777","FAM242F"
"1778","CNTNAP3P7"
"1779","CNTNAP3P2"
"1780","GCNT1"
"1781","LOC107987084"
"1782","FRMD3"
"1783","FRMD3-AS1"
"1784","GKAP1"
"1785","KIF27"
"1786","LOC101927552"
"1787","C9orf64"
"1788","RMI1"
"1789","FANCC"
"1790","LOC105376156"
"1791","GABBR2"
"1792","STX17-DT"
"1793","LOC101928438"
"1794","NR4A3"
"1795","STX17"
"1796","ERP44"
"1797","INVS"
"1798","RN7SL75P"
"1799","TMEFF1"
"1800","MSANTD3-TMEFF1"
"1801","OR13C8"
"1802","OR13C5"
"1803","OR13C2"
"1804","OR13C9"
"1805","FSD1L"
"1806","KIAA1958"
"1807","LHX2-AS1"
"1808","LHX2"
"1809","LOC100505588"
"1810","LOC105376267"
"1811","LINC02975"
"1812","LOC101929331"
"1813","LOC107987133"
"1814","LOC105376292"
"1815","VAV2"
"1816","LOC105376314"
"1817","OLFM1"
"1818","CAMSAP1"
"1819","C9orf163"
"1820","NOTCH1"
"1821","TRAF2"
"1822","FUT7"
"1823","ABCA2"
"1824","LINC02908"
"1825","ANAPC2"
"1826","TMEM210"
"1827","LOC101927555"
"1828","CSF2RA"
"1829","MIR3690"
"1830","LOC112268304"
"1831","SLC25A6"
"1832","LINC00106"
"1833","LOC105373102"
"1834","P2RY8"
"1835","AKAP17A"
"1836","ASMT"
"1837","ARSL"
"1838","ARSF"
"1839","RPS24P21"
"1840","NLGN4X"
"1841","PUDP"
"1842","TBL1X"
"1843","FRMPD4"
"1844","CA5B"
"1845","CA5BP1-CA5B"
"1846","RNU5F-7P"
"1847","SETP15"
"1848","PTCHD1-AS"
"1849","KLHL15"
"1850","DMD"
"1851","LOC105373184"
"1852","CASK"
"1853","MAOA"
"1854","MAOB"
"1855","KDM6A"
"1856","DIPK2B"
"1857","SHROOM4"
"1858","LINC01284"
"1859","LINC01496"
"1860","SSX2B"
"1861","GPR173"
"1862","ITIH6"
"1863","KLF8"
"1864","UBQLN2"
"1865","NBDY"
"1866","FAAH2"
"1867","MDH1P1"
"1868","MTND2P25"
"1869","MTND1P31"
"1870","ZFRP1"
"1871","ARHGEF9"
"1872","HNRNPDP1"
"1873","MTMR8"
"1874","ZC3H12B"
"1875","LAS1L"
"1876","AR"
"1877","OPHN1"
"1878","STARD8"
"1879","EDA"
"1880","ATRX"
"1881","CHMP1B2P"
"1882","RPS29P28"
"1883","LOC105373294"
"1884","DIAPH2"
"1885","NOX1"
"1886","XKRX"
"1887","TMEM35A"
"1888","TRMT2B-AS1"
"1889","NXF5"
"1890","FOXN3P1"
"1891","NXF4"
"1892","BHLHB9"
"1893","ARMCX5-GPRASP2"
"1894","IL1RAPL2"
"1895","LOC105373303"
"1896","NRK"
"1897","LOC105373304"
"1898","RADX"
"1899","HSPA8P20"
"1900","STAG2"
"1901","LOC101928495"
"1902","DCAF12L1"
"1903","LOC107985698"
"1904","STK26"
"1905","WDR4P1"
"1906","CT45A1"
"1907","VGLL1"
"1908","RPL7P56"
"1909","FGF13"
"1910","FGF13-AS1"
"1911","AFF2"
"1912","MAGEA11"
"1913","CD99L2"
"1914","MTMR1"
"1915","VMA21"
"1916","PASD1"
"1917","RPS4Y1"
"1918","XGY2"
"1919","ZFY"
"1920","ZFY-AS1"
"1921","LOC105377227"
"1922","PCDH11Y"
"1923","EIF4A1P2"
"1924","GOT2P5"
"1925","TBL1Y"
"1926","AMELY"
"1927","PRKY"
"1928","TSPY12P"
"1929","TTTY12"
"1930","RFTN1P1"
"1931","LOC107987339"
"1932","ZNF92P1Y"
"1933","LOC105377229"
"1934","ZNF736P8Y"
"1935","MTND1P1"
"1936","MTND2P3"
"1937","TRIM60P3Y"
"1938","LOC105377231"
"1939","LINC00279"
"1940","RBMY2QP"
"1941","RNA5-8SP6"
"1942","DUX4L16"
"1943","ASS1P6"
"1944","MXRA5Y"
"1945","GYG2P1"
"1946","ARSLP1"
"1947","ARSDP1"
"1948","LOC107987343"
"1949","USP9Y"
"1950","SFPQP1"
"1951","ANOS2P"
"1952","NLGN4Y"
"1953","NLGN4Y-AS1"
"1954","CYCSP46"
"1955","LOC107987355"
"1956","PUDPP1"
"1957","SURF6P1"
"1958","TTTY14"
"1959","BCORP1"
"1960","KDM5D"
"1961","LOC105377224"
"1962","TTTY10"
"1963","EIF1AY"
"1964","LOC105377225"
"1965","LOC107987347"
"1966","LOC105377236"
"1967","TTTY5"
"1968","TSPY22P"
"1969","CCNQP2"
"1970","PARP4P1"
